,Data,AED,AUD,BGN,BRL,CAD,CHF,CNY,CZK,DKK,EGP,EUR,GBP,100 HUF,INR,100 JPY,100 KRW,MDL,MXN,NOK,NZD,PLN,RSD,RUB,SEK,THB,TRY,UAH,USD,XAU,XDR,ZAR
0,2024-01-03,1.2390,3.0693,2.5427,0.9241,3.4127,5.3351,0.6367,0.2016,0.6669,0.1471,4.9731,5.7426,1.3054,0.0546,3.1896,0.3475,0.2586,0.2668,0.4381,2.8452,1.1377,0.0424,0.0496,0.4444,0.1324,0.1528,0.1196,4.5504,300.6318,6.0831,0.2431
1,2024-01-04,1.2360,3.0561,2.5426,0.9226,3.4058,5.3416,0.6350,0.2017,0.6667,0.1469,4.9730,5.7685,1.3105,0.0545,3.1499,0.3468,0.2595,0.2670,0.4407,2.8374,1.1434,0.0424,0.0497,0.4433,0.1317,0.1525,0.1192,4.5395,298.7471,6.0716,0.2435
2,2024-01-05,1.2416,3.0455,2.5433,0.9311,3.4089,5.3439,0.6373,0.2018,0.6670,0.1480,4.9744,5.7711,1.3150,0.0548,3.1395,0.3460,0.2577,0.2678,0.4409,2.8323,1.1434,0.0424,0.0501,0.4436,0.1313,0.1531,0.1197,4.5599,298.8448,6.0853,0.2424
3,2024-01-08,1.2372,3.0420,2.5421,0.9321,3.3949,5.3402,0.6346,0.2027,0.6666,0.1471,4.9720,5.7747,1.3169,0.0547,3.1471,0.3447,0.2576,0.2692,0.4379,2.8294,1.1419,0.0424,0.0502,0.4425,0.1299,0.1520,0.1188,4.5440,296.2069,6.0735,0.2431
4,2024-01-09,1.2377,3.0450,2.5419,0.9334,3.4013,5.3431,0.6347,0.2022,0.6666,0.1471,4.9715,5.7852,1.3126,0.0547,3.1568,0.3445,0.2580,0.2702,0.4386,2.8394,1.1464,0.0424,0.0507,0.4435,0.1300,0.1518,0.1189,4.5460,297.6556,6.0767,0.2438
5,2024-01-10,1.2366,3.0465,2.5423,0.9255,3.3973,5.3298,0.6336,0.2023,0.6668,0.1470,4.9724,5.7778,1.3140,0.0547,3.1348,0.3445,0.2564,0.2677,0.4393,2.8351,1.1456,0.0424,0.0509,0.4438,0.1298,0.1517,0.1189,4.5418,297.2891,6.0699,0.2437
6,2024-01-11,1.2348,3.0414,2.5423,0.9269,3.3909,5.3251,0.6332,0.2017,0.6668,0.1468,4.9723,5.7780,1.3107,0.0546,3.1179,0.3445,0.2561,0.2667,0.4390,2.8335,1.1433,0.0424,0.0510,0.4440,0.1293,0.1506,0.1193,4.5351,296.2584,6.0634,0.2433
7,2024-01-12,1.2353,3.0382,2.5427,0.9317,3.3963,5.3151,0.6331,0.2017,0.6669,0.1468,4.9731,5.7867,1.3107,0.0547,3.1262,0.3457,0.2551,0.2689,0.4413,2.8328,1.1411,0.0424,0.0515,0.4417,0.1294,0.1514,0.1199,4.5371,298.1008,6.0664,0.2436
8,2024-01-15,1.2383,3.0285,2.5429,0.9365,3.3890,5.3231,0.6338,0.2013,0.6668,0.1472,4.9736,5.7859,1.3100,0.0549,3.1209,0.3442,0.2562,0.2694,0.4406,2.8165,1.1376,0.0424,0.0519,0.4414,0.1301,0.1511,0.1201,4.5481,300.1567,6.0730,0.2434
9,2024-01-16,1.2449,3.0184,2.5442,0.9402,3.3880,5.3115,0.6356,0.2013,0.6672,0.1480,4.9761,5.7747,1.3092,0.0550,3.1166,0.3420,0.2571,0.2685,0.4383,2.8147,1.1327,0.0424,0.0520,0.4391,0.1291,0.1517,0.1205,4.5724,299.9556,6.0884,0.2420
10,2024-01-17,1.2459,2.9986,2.5438,0.9289,3.3848,5.3004,0.6361,0.2008,0.6671,0.1481,4.9752,5.8027,1.3071,0.0550,3.0971,0.3400,0.2583,0.2642,0.4362,2.7991,1.1327,0.0424,0.0518,0.4375,0.1288,0.1521,0.1207,4.5762,297.9899,6.0905,0.2400
11,2024-01-18,1.2437,2.9988,2.5444,0.9255,3.3858,5.2832,0.6351,0.2011,0.6673,0.1478,4.9765,5.7961,1.3038,0.0549,3.0888,0.3415,0.2590,0.2661,0.4353,2.7967,1.1299,0.0424,0.0514,0.4375,0.1284,0.1511,0.1213,4.5679,295.3822,6.0834,0.2414
12,2024-01-19,1.2452,3.0177,2.5446,0.9277,3.3955,5.2629,0.6359,0.2008,0.6674,0.1480,4.9769,5.7989,1.3007,0.0551,3.0902,0.3430,0.2581,0.2670,0.4371,2.7981,1.1369,0.0425,0.0516,0.4374,0.1289,0.1515,0.1219,4.5735,298.5646,6.0881,0.2412
13,2024-01-22,1.2444,3.0119,2.5446,0.9268,3.4052,5.2631,0.6352,0.2010,0.6673,0.1479,4.9768,5.8079,1.3025,0.0550,3.0882,0.3409,0.2576,0.2675,0.4352,2.7967,1.1425,0.0425,0.0520,0.4378,0.1282,0.1513,0.1220,4.5705,297.4521,6.0860,0.2389
14,2024-01-23,1.2464,3.0134,2.5445,0.9175,3.3964,5.2672,0.6384,0.2005,0.6673,0.1482,4.9767,5.8200,1.2936,0.0550,3.0949,0.3420,0.2573,0.2650,0.4350,2.7835,1.1368,0.0425,0.0520,0.4380,0.1281,0.1512,0.1222,4.5780,298.0198,6.0958,0.2391
15,2024-01-25,1.2438,3.0101,2.5445,0.9258,3.3825,5.2854,0.6372,0.2006,0.6674,0.1478,4.9765,5.8181,1.2909,0.0550,3.0957,0.3419,0.2576,0.2649,0.4386,2.7989,1.1370,0.0425,0.0514,0.4390,0.1280,0.1509,0.1216,4.5681,296.4598,6.0886,0.2421
16,2024-01-26,1.2473,3.0221,2.5443,0.9317,3.4060,5.3058,0.6386,0.2012,0.6675,0.1483,4.9763,5.8322,1.2885,0.0551,3.1016,0.3432,0.2575,0.2671,0.4385,2.7992,1.1374,0.0425,0.0512,0.4393,0.1288,0.1511,0.1211,4.5812,298.0022,6.0995,0.2436
17,2024-01-29,1.2526,3.0360,2.5447,0.9356,3.4233,5.3370,0.6406,0.2009,0.6677,0.1486,4.9770,5.8422,1.2779,0.0553,3.1137,0.3441,0.2580,0.2681,0.4410,2.8131,1.1394,0.0425,0.0513,0.4389,0.1294,0.1516,0.1214,4.6007,299.8259,6.1157,0.2447
18,2024-01-30,1.2504,3.0316,2.5447,0.9274,3.4261,5.3232,0.6397,0.2004,0.6677,0.1486,4.9769,5.8226,1.2790,0.0553,3.1185,0.3454,0.2592,0.2673,0.4401,2.8155,1.1399,0.0425,0.0515,0.4415,0.1299,0.1514,0.1213,4.5925,300.5255,6.1090,0.2434
19,2024-01-31,1.2514,3.0233,2.5441,0.9285,3.4223,5.3190,0.6403,0.2003,0.6674,0.1487,4.9759,5.8235,1.2929,0.0553,3.1092,0.3445,0.2587,0.2684,0.4387,2.8123,1.1471,0.0425,0.0512,0.4413,0.1295,0.1514,0.1227,4.5962,301.0282,6.1103,0.2452
20,2024-02-01,1.2548,3.0018,2.5435,0.9305,3.4250,5.3374,0.6416,0.1999,0.6673,0.1491,4.9747,5.8224,1.2972,0.0555,3.1398,0.3453,0.2584,0.2674,0.4380,2.8048,1.1471,0.0425,0.0511,0.4404,0.1298,0.1518,0.1225,4.6088,301.4387,6.1225,0.2463
21,2024-02-02,1.2441,3.0167,2.5425,0.9294,3.4174,5.3393,0.6367,0.1997,0.6671,0.1479,4.9728,5.8308,1.2965,0.0551,3.1146,0.3451,0.2587,0.2681,0.4362,2.8126,1.1517,0.0424,0.0505,0.4406,0.1297,0.1500,0.1217,4.5697,301.8048,6.0911,0.2453
22,2024-02-05,1.2598,3.0068,2.5429,0.9309,3.4304,5.3208,0.6428,0.1996,0.6671,0.1495,4.9736,5.8270,1.2930,0.0557,3.1170,0.3471,0.2565,0.2692,0.4341,2.8041,1.1489,0.0425,0.0507,0.4375,0.1294,0.1518,0.1232,4.6270,301.2057,6.1313,0.2440
23,2024-02-06,1.2625,3.0106,2.5442,0.9300,3.4245,5.3137,0.6449,0.1994,0.6670,0.1501,4.9760,5.8148,1.2876,0.0558,3.1179,0.3485,0.2599,0.2712,0.4333,2.8060,1.1467,0.0425,0.0510,0.4368,0.1300,0.1519,0.1232,4.6370,301.7830,6.1393,0.2444
24,2024-02-07,1.2586,3.0137,2.5446,0.9313,3.4282,5.2971,0.6425,0.1994,0.6671,0.1496,4.9769,5.8377,1.2841,0.0557,3.1209,0.3481,0.2601,0.2712,0.4355,2.8197,1.1436,0.0425,0.0507,0.4403,0.1298,0.1511,0.1230,4.6228,302.1776,6.1311,0.2445
25,2024-02-08,1.2577,3.0052,2.5444,0.9292,3.4300,5.2893,0.6419,0.1994,0.6674,0.1495,4.9764,5.8296,1.2855,0.0557,3.0989,0.3473,0.2592,0.2710,0.4357,2.8178,1.1455,0.0425,0.0506,0.4417,0.1289,0.1510,0.1230,4.6195,302.4425,6.1248,0.2440
26,2024-02-09,1.2582,3.0073,2.5447,0.9257,3.4343,5.2792,0.6424,0.1976,0.6676,0.1496,4.9770,5.8258,1.2820,0.0557,3.0940,0.3471,0.2593,0.2700,0.4368,2.8378,1.1511,0.0425,0.0509,0.4412,0.1286,0.1506,0.1227,4.6214,301.9565,6.1257,0.2432
27,2024-02-12,1.2571,3.0100,2.5438,0.9320,3.4283,5.2752,0.6418,0.1974,0.6673,0.1494,4.9753,5.8262,1.2841,0.0556,3.0969,0.3473,0.2593,0.2707,0.4388,2.8276,1.1511,0.0425,0.0507,0.4426,0.1287,0.1506,0.1217,4.6170,299.9474,6.1223,0.2427
28,2024-02-13,1.2575,3.0115,2.5442,0.9324,3.4345,5.2510,0.6420,0.1972,0.6675,0.1495,4.9761,5.8501,1.2863,0.0557,3.0891,0.3471,0.2594,0.2703,0.4399,2.8212,1.1524,0.0425,0.0506,0.4426,0.1293,0.1503,0.1211,4.6186,301.0363,6.1246,0.2455
29,2024-02-14,1.2662,3.0117,2.5442,0.9388,3.4347,5.2387,0.6465,0.1964,0.6675,0.1505,4.9760,5.8328,1.2808,0.0560,3.0869,0.3484,0.2596,0.2711,0.4379,2.8261,1.1463,0.0425,0.0509,0.4395,0.1286,0.1515,0.1218,4.6505,297.8986,6.1462,0.2426
30,2024-02-15,1.2624,3.0125,2.5445,0.9321,3.4248,5.2502,0.6445,0.1960,0.6676,0.1499,4.9767,5.8200,1.2783,0.0558,3.0903,0.3481,0.2612,0.2718,0.4381,2.8245,1.1455,0.0425,0.0503,0.4416,0.1283,0.1509,0.1223,4.6364,297.7197,6.1356,0.2439
31,2024-02-16,1.2581,3.0156,2.5447,0.9290,3.4276,5.2450,0.6423,0.1959,0.6676,0.1495,4.9770,5.8173,1.2788,0.0557,3.0750,0.3467,0.2597,0.2714,0.4394,2.8245,1.1466,0.0425,0.0498,0.4424,0.1283,0.1499,0.1215,4.6207,298.2265,6.1219,0.2445
32,2024-02-19,1.2575,3.0196,2.5449,0.9301,3.4266,5.2445,0.6417,0.1956,0.6677,0.1495,4.9773,5.8269,1.2792,0.0556,3.0797,0.3459,0.2584,0.2708,0.4395,2.8360,1.1499,0.0425,0.0499,0.4427,0.1283,0.1495,0.1206,4.6189,299.7327,6.1217,0.2432
33,2024-02-20,1.2543,3.0214,2.5447,0.9294,3.4168,5.2289,0.6403,0.1954,0.6676,0.1489,4.9771,5.8086,1.2799,0.0555,3.0680,0.3453,0.2583,0.2707,0.4401,2.8418,1.1505,0.0425,0.0498,0.4436,0.1279,0.1492,0.1197,4.6069,300.1903,6.1102,0.2425
34,2024-02-21,1.2544,3.0209,2.5441,0.9350,3.4066,5.2331,0.6408,0.1960,0.6675,0.1491,4.9759,5.8143,1.2827,0.0555,3.0707,0.3452,0.2575,0.2701,0.4389,2.8507,1.1529,0.0425,0.0497,0.4438,0.1286,0.1489,0.1192,4.6073,300.5443,6.1113,0.2440
35,2024-02-22,1.2481,3.0185,2.5446,0.9283,3.4069,5.2243,0.6375,0.1966,0.6677,0.1484,4.9769,5.8121,1.2859,0.0553,3.0530,0.3459,0.2573,0.2692,0.4391,2.8468,1.1535,0.0425,0.0492,0.4454,0.1280,0.1473,0.1192,4.5843,299.1390,6.0921,0.2420
36,2024-02-23,1.2516,3.0160,2.5439,0.9260,3.4081,5.2177,0.6386,0.1960,0.6675,0.1488,4.9753,5.8238,1.2807,0.0554,3.0499,0.3451,0.2557,0.2688,0.4359,2.8441,1.1492,0.0425,0.0483,0.4451,0.1274,0.1481,0.1200,4.5970,298.9173,6.1006,0.2384
37,2024-02-26,1.2481,3.0023,2.5427,0.9179,3.3915,5.2137,0.6369,0.1962,0.6672,0.1484,4.9731,5.8128,1.2766,0.0553,3.0438,0.3443,0.2564,0.2681,0.4350,2.8309,1.1544,0.0424,0.0497,0.4454,0.1279,0.1473,0.1194,4.5843,299.5965,6.0890,0.2371
38,2024-02-27,1.2466,2.9997,2.5404,0.9193,3.3930,5.2030,0.6361,0.1963,0.6665,0.1482,4.9686,5.8072,1.2770,0.0552,3.0472,0.3440,0.2559,0.2685,0.4352,2.8219,1.1515,0.0424,0.0498,0.4446,0.1278,0.1470,0.1192,4.5785,299.7224,6.0829,0.2389
39,2024-02-28,1.2512,2.9844,2.5411,0.9314,3.3838,5.2225,0.6383,0.1962,0.6667,0.1487,4.9700,5.8118,1.2704,0.0554,3.0497,0.3442,0.2564,0.2689,0.4338,2.8018,1.1538,0.0424,0.0502,0.4437,0.1276,0.1476,0.1204,4.5955,299.4697,6.0965,0.2386
40,2024-02-29,1.2476,2.9766,2.5406,0.9224,3.3717,5.2072,0.6368,0.1959,0.6666,0.1483,4.9690,5.8022,1.2634,0.0553,3.0537,0.3429,0.2577,0.2686,0.4317,2.7879,1.1501,0.0424,0.0504,0.4434,0.1276,0.1467,0.1205,4.5823,299.2209,6.0866,0.2385
41,2024-03-01,1.2520,2.9910,2.5410,0.9251,3.3865,5.1913,0.6387,0.1961,0.6667,0.1488,4.9699,5.8083,1.2619,0.0555,3.0581,0.3442,0.2577,0.2699,0.4340,2.8030,1.1507,0.0424,0.0503,0.4444,0.1280,0.1467,0.1205,4.5984,303.5750,6.0994,0.2393
42,2024-03-04,1.2466,2.9857,2.5410,0.9242,3.3759,5.1842,0.6360,0.1961,0.6667,0.1479,4.9698,5.8041,1.2600,0.0552,3.0432,0.3437,0.2587,0.2692,0.4348,2.7941,1.1502,0.0424,0.0501,0.4429,0.1278,0.1453,0.1196,4.5788,306.7709,6.0826,0.2403
43,2024-03-05,1.2475,2.9762,2.5421,0.9263,3.3736,5.1707,0.6365,0.1959,0.6670,0.1483,4.9719,5.8130,1.2560,0.0553,3.0463,0.3436,0.2580,0.2700,0.4336,2.7876,1.1498,0.0424,0.0503,0.4409,0.1279,0.1447,0.1193,4.5820,312.9021,6.0870,0.2413
44,2024-03-06,1.2447,2.9812,2.5420,0.9219,3.3649,5.1647,0.6350,0.1963,0.6670,0.0908,4.9718,5.8146,1.2650,0.0552,3.0518,0.3425,0.2582,0.2704,0.4332,2.7874,1.1545,0.0424,0.0507,0.4407,0.1279,0.1438,0.1195,4.5713,312.2892,6.0800,0.2419
45,2024-03-07,1.2424,3.0127,2.5415,0.9228,3.3797,5.1808,0.6339,0.1959,0.6668,0.0923,4.9707,5.8198,1.2594,0.0552,3.0842,0.3431,0.2573,0.2707,0.4359,2.8101,1.1546,0.0424,0.0502,0.4438,0.1283,0.1435,0.1198,4.5632,316.5574,6.0786,0.2426
46,2024-03-08,1.2378,3.0212,2.5406,0.9211,3.3826,5.1867,0.6323,0.1961,0.6666,0.0921,4.9691,5.8319,1.2608,0.0549,3.0890,0.3452,0.2572,0.2698,0.4377,2.8118,1.1540,0.0424,0.0501,0.4449,0.1283,0.1425,0.1189,4.5463,316.8932,6.0680,0.2437
47,2024-03-11,1.2360,3.0037,2.5396,0.9112,3.3695,5.1768,0.6318,0.1966,0.6663,0.0925,4.9671,5.8320,1.2583,0.0549,3.0952,0.3468,0.2570,0.2701,0.4350,2.8052,1.1584,0.0424,0.0500,0.4439,0.1282,0.1420,0.1182,4.5397,317.9323,6.0637,0.2427
48,2024-03-12,1.2368,3.0046,2.5393,0.9130,3.3725,5.1829,0.6330,0.1964,0.6660,0.0931,4.9665,5.8129,1.2521,0.0549,3.0823,0.3470,0.2563,0.2706,0.4347,2.7995,1.1595,0.0424,0.0498,0.4449,0.1277,0.1417,0.1180,4.5427,317.8931,6.0632,0.2445
49,2024-03-13,1.2372,3.0038,2.5398,0.9143,3.3684,5.1739,0.6317,0.1965,0.6662,0.0938,4.9675,5.8116,1.2507,0.0549,3.0721,0.3454,0.2574,0.2710,0.4324,2.7959,1.1595,0.0424,0.0496,0.4433,0.1273,0.1418,0.1171,4.5440,316.0494,6.0616,0.2436
50,2024-03-14,1.2373,3.0093,2.5417,0.9139,3.3743,5.1662,0.6320,0.1970,0.6666,0.0950,4.9712,5.8218,1.2597,0.0549,3.0752,0.3450,0.2580,0.2726,0.4337,2.8031,1.1594,0.0424,0.0496,0.4436,0.1276,0.1410,0.1175,4.5441,317.1063,6.0645,0.2440
51,2024-03-15,1.2429,2.9969,2.5415,0.9143,3.3726,5.1649,0.6343,0.1974,0.6666,0.0955,4.9707,5.8212,1.2628,0.0551,3.0679,0.3432,0.2581,0.2734,0.4314,2.7826,1.1572,0.0424,0.0497,0.4417,0.1274,0.1419,0.1176,4.5645,318.3617,6.0776,0.2442
52,2024-03-18,1.2421,2.9953,2.5419,0.9133,3.3679,5.1628,0.6337,0.1974,0.6666,0.0967,4.9715,5.8088,1.2606,0.0550,3.0578,0.3422,0.2586,0.2729,0.4309,2.7779,1.1537,0.0424,0.0495,0.4392,0.1268,0.1410,0.1170,4.5614,316.4037,6.0731,0.2421
53,2024-03-19,1.2488,2.9868,2.5432,0.9116,3.3795,5.1580,0.6370,0.1971,0.6670,0.0973,4.9741,5.8166,1.2574,0.0552,3.0460,0.3425,0.2580,0.2715,0.4287,2.7726,1.1507,0.0424,0.0496,0.4377,0.1271,0.1420,0.1172,4.5861,317.5551,6.0911,0.2418
54,2024-03-20,1.2494,2.9906,2.5431,0.9120,3.3743,5.1460,0.6374,0.1966,0.6670,0.0977,4.9739,5.8266,1.2584,0.0552,3.0250,0.3423,0.2591,0.2726,0.4294,2.7672,1.1509,0.0424,0.0495,0.4372,0.1268,0.1417,0.1172,4.5885,317.8798,6.0908,0.2426
55,2024-03-21,1.2405,3.0108,2.5431,0.9172,3.3767,5.1028,0.6328,0.1971,0.6669,0.0976,4.9740,5.8165,1.2623,0.0548,3.0154,0.3433,0.2589,0.2727,0.4319,2.7730,1.1556,0.0424,0.0497,0.4380,0.1263,0.1405,0.1170,4.5556,323.3234,6.0646,0.2431
56,2024-03-22,1.2517,2.9949,2.5425,0.9241,3.3864,5.1049,0.6358,0.1960,0.6668,0.0983,4.9727,5.7849,1.2523,0.0550,3.0330,0.3417,0.2570,0.2734,0.4271,2.7596,1.1510,0.0424,0.0492,0.4354,0.1264,0.1437,0.1180,4.5967,320.4267,6.0910,0.2420
57,2024-03-25,1.2514,3.0011,2.5417,0.9187,3.3810,5.1180,0.6371,0.1966,0.6665,0.0968,4.9711,5.8002,1.2524,0.0551,3.0376,0.3422,0.2592,0.2743,0.4280,2.7600,1.1537,0.0424,0.0496,0.4341,0.1263,0.1431,0.1170,4.5956,320.4858,6.0930,0.2425
58,2024-03-26,1.2469,3.0022,2.5417,0.9205,3.3755,5.0833,0.6343,0.1968,0.6665,0.0958,4.9712,5.7966,1.2541,0.0550,3.0264,0.3417,0.2590,0.2748,0.4272,2.7597,1.1529,0.0424,0.0494,0.4343,0.1262,0.1424,0.1163,4.5788,323.0934,6.0785,0.2419
59,2024-03-27,1.2497,2.9952,2.5416,0.9220,3.3765,5.0678,0.6351,0.1966,0.6665,0.0970,4.9710,5.7967,1.2597,0.0550,3.0380,0.3401,0.2588,0.2761,0.4260,2.7553,1.1533,0.0424,0.0495,0.4330,0.1261,0.1424,0.1169,4.5892,323.4240,6.0866,0.2428
60,2024-03-28,1.2550,2.9924,2.5426,0.9231,3.3896,5.0914,0.6375,0.1964,0.6668,0.0971,4.9730,5.8167,1.2583,0.0553,3.0452,0.3412,0.2605,0.2783,0.4255,2.7490,1.1522,0.0425,0.0498,0.4316,0.1264,0.1428,0.1173,4.6085,327.8351,6.1038,0.2423
61,2024-03-29,1.2549,3.0018,2.5409,0.9188,3.4003,5.1124,0.6382,0.1965,0.6662,0.0972,4.9695,5.8126,1.2621,0.0553,3.0461,0.3420,0.2612,0.2781,0.4239,2.7540,1.1560,0.0424,0.0498,0.4304,0.1267,0.1429,0.1182,4.6078,330.7911,6.1027,0.2440
62,2024-04-01,1.2546,3.0058,2.5411,0.9188,3.4056,5.1124,0.6372,0.1965,0.6663,0.0977,4.9700,5.8152,1.2613,0.0553,3.0439,0.3414,0.2613,0.2783,0.4248,2.7564,1.1584,0.0424,0.0498,0.4313,0.1265,0.1422,0.1177,4.6074,333.3834,6.1017,0.2446
63,2024-04-02,1.2601,3.0123,2.5414,0.9154,3.4132,5.0930,0.6395,0.1962,0.6664,0.0981,4.9705,5.8148,1.2587,0.0555,3.0508,0.3427,0.2613,0.2789,0.4247,2.7576,1.1577,0.0424,0.0500,0.4297,0.1263,0.1437,0.1176,4.6276,336.2958,6.1169,0.2460
64,2024-04-03,1.2563,3.0030,2.5405,0.9107,3.3990,5.0765,0.6376,0.1963,0.6662,0.0970,4.9689,5.8041,1.2635,0.0553,3.0406,0.3417,0.2615,0.2783,0.4256,2.7529,1.1569,0.0424,0.0499,0.4296,0.1257,0.1444,0.1178,4.6139,336.9552,6.1041,0.2456
65,2024-04-04,1.2462,3.0224,2.5415,0.9078,3.3897,5.0503,0.6326,0.1965,0.6664,0.0966,4.9708,5.7955,1.2682,0.0548,3.0160,0.3397,0.2601,0.2767,0.4283,2.7647,1.1568,0.0424,0.0495,0.4318,0.1247,0.1435,0.1174,4.5763,337.4428,6.0736,0.2459
66,2024-04-05,1.2481,3.0186,2.5401,0.9060,3.3816,5.0765,0.6336,0.1963,0.6660,0.0967,4.9681,5.7907,1.2718,0.0550,3.0274,0.3396,0.2580,0.2771,0.4278,2.7595,1.1585,0.0424,0.0496,0.4305,0.1251,0.1432,0.1181,4.5835,337.7523,6.0790,0.2460
67,2024-04-08,1.2494,3.0207,2.5400,0.9056,3.3746,5.0663,0.6342,0.1962,0.6661,0.0963,4.9678,5.7923,1.2730,0.0551,3.0207,0.3384,0.2586,0.2787,0.4285,2.7612,1.1605,0.0424,0.0496,0.4327,0.1251,0.1434,0.1177,4.5881,344.6541,6.0814,0.2467
68,2024-04-09,1.2453,3.0275,2.5402,0.9100,3.3709,5.0608,0.6323,0.1958,0.6661,0.0962,4.9682,5.7986,1.2775,0.0549,3.0130,0.3377,0.2592,0.2811,0.4289,2.7670,1.1666,0.0424,0.0492,0.4341,0.1258,0.1421,0.1173,4.5729,347.5290,6.0700,0.2476
69,2024-04-10,1.2457,3.0306,2.5407,0.9133,3.3720,5.0644,0.6325,0.1960,0.6662,0.0962,4.9692,5.8075,1.2752,0.0550,3.0130,0.3384,0.2588,0.2801,0.4291,2.7790,1.1663,0.0424,0.0490,0.4341,0.1257,0.1418,0.1172,4.5748,345.4062,6.0725,0.2467
70,2024-04-11,1.2614,3.0203,2.5412,0.9144,3.3838,5.0725,0.6400,0.1958,0.6662,0.0974,4.9703,5.8071,1.2733,0.0556,3.0239,0.3379,0.2594,0.2813,0.4283,2.7735,1.1662,0.0424,0.0493,0.4316,0.1265,0.1435,0.1182,4.6322,347.0367,6.1158,0.2459
71,2024-04-12,1.2702,3.0351,2.5418,0.9160,3.3961,5.1091,0.6445,0.1960,0.6664,0.0981,4.9714,5.8281,1.2695,0.0559,3.0434,0.3379,0.2626,0.2831,0.4295,2.7852,1.1672,0.0424,0.0500,0.4309,0.1279,0.1443,0.1183,4.6645,359.6861,6.1441,0.2488
72,2024-04-15,1.2707,3.0251,2.5430,0.9123,3.3963,5.1094,0.6447,0.1965,0.6667,0.0962,4.9737,5.8274,1.2631,0.0559,3.0327,0.3374,0.2639,0.2814,0.4273,2.7735,1.1598,0.0425,0.0498,0.4299,0.1271,0.1440,0.1178,4.6664,352.3272,6.1448,0.2463
73,2024-04-16,1.2748,3.0047,2.5444,0.9029,3.3944,5.1289,0.6467,0.1968,0.6670,0.0965,4.9763,5.8284,1.2591,0.0560,3.0302,0.3362,0.2629,0.2783,0.4262,2.7560,1.1467,0.0425,0.0498,0.4279,0.1278,0.1444,0.1183,4.6818,356.8240,6.1567,0.2460
74,2024-04-17,1.2727,3.0029,2.5439,0.8841,3.3857,5.1301,0.6459,0.1973,0.6669,0.0958,4.9754,5.8294,1.2669,0.0559,3.0239,0.3381,0.2628,0.2760,0.4260,2.7610,1.1462,0.0425,0.0495,0.4274,0.1271,0.1437,0.1182,4.6739,359.4100,6.1501,0.2467
75,2024-04-18,1.2695,3.0043,2.5443,0.8909,3.3895,5.1291,0.6441,0.1968,0.6670,0.0960,4.9763,5.8158,1.2637,0.0558,3.0201,0.3392,0.2616,0.2750,0.4235,2.7635,1.1489,0.0425,0.0495,0.4281,0.1268,0.1436,0.1177,4.6625,356.8680,6.1402,0.2449
76,2024-04-19,1.2712,2.9982,2.5444,0.8906,3.3943,5.1404,0.6447,0.1970,0.6669,0.0966,4.9764,5.8125,1.2610,0.0559,3.0228,0.3383,0.2591,0.2704,0.4231,2.7527,1.1514,0.0425,0.0500,0.4259,0.1267,0.1438,0.1172,4.6687,357.7647,6.1447,0.2433
77,2024-04-22,1.2719,3.0068,2.5441,0.8970,3.4040,5.1247,0.6449,0.1969,0.6669,0.0971,4.9758,5.7677,1.2603,0.0560,3.0182,0.3387,0.2597,0.2740,0.4241,2.7592,1.1519,0.0425,0.0500,0.4281,0.1263,0.1433,0.1174,4.6712,354.4765,6.1419,0.2447
78,2024-04-23,1.2715,3.0092,2.5443,0.9039,3.4052,5.1198,0.6444,0.1969,0.6670,0.0971,4.9762,5.7698,1.2629,0.0560,3.0160,0.3388,0.2600,0.2728,0.4241,2.7564,1.1508,0.0425,0.0500,0.4286,0.1260,0.1435,0.1180,4.6699,344.5697,6.1406,0.2425
79,2024-04-24,1.2678,3.0265,2.5442,0.9073,3.4036,5.0938,0.6426,0.1971,0.6673,0.0972,4.9761,5.7878,1.2649,0.0559,3.0059,0.3389,0.2605,0.2744,0.4252,2.7633,1.1511,0.0425,0.0503,0.4287,0.1258,0.1432,0.1179,4.6567,346.6114,6.1310,0.2433
80,2024-04-25,1.2629,3.0283,2.5444,0.9012,3.3920,5.0843,0.6401,0.1974,0.6672,0.0968,4.9763,5.8067,1.2671,0.0557,2.9797,0.3376,0.2601,0.2723,0.4234,2.7650,1.1532,0.0425,0.0503,0.4274,0.1254,0.1430,0.1170,4.6386,346.8933,6.1159,0.2442
81,2024-04-26,1.2626,3.0320,2.5444,0.8988,3.3966,5.0832,0.6399,0.1978,0.6673,0.0968,4.9765,5.8018,1.2662,0.0556,2.9616,0.3369,0.2597,0.2686,0.4220,2.7605,1.1498,0.0425,0.0504,0.4261,0.1255,0.1428,0.1171,4.6373,350.3208,6.1121,0.2442
82,2024-04-29,1.2644,3.0481,2.5441,0.9075,3.4013,5.0948,0.6411,0.1976,0.6671,0.0975,4.9758,5.8200,1.2690,0.0556,2.9807,0.3373,0.2598,0.2712,0.4224,2.7744,1.1510,0.0425,0.0498,0.4255,0.1254,0.1436,0.1170,4.6438,349.8708,6.1209,0.2476
83,2024-04-30,1.2622,3.0287,2.5441,0.9058,3.3885,5.0891,0.6404,0.1977,0.6672,0.0968,4.9759,5.8194,1.2736,0.0556,2.9563,0.3359,0.2606,0.2729,0.4212,2.7588,1.1508,0.0425,0.0496,0.4230,0.1251,0.1434,0.1174,4.6361,345.2064,6.1122,0.2481
84,2024-05-02,1.2660,3.0368,2.5444,0.8953,3.3893,5.0964,0.6422,0.1980,0.6671,0.0968,4.9764,5.8180,1.2774,0.0557,2.9944,0.3380,0.2617,0.2743,0.4198,2.7572,1.1482,0.0425,0.0504,0.4254,0.1259,0.1436,0.1175,4.6500,344.1075,6.1277,0.2497
85,2024-05-07,1.2593,3.0498,2.5440,0.9112,3.3792,5.0905,0.6408,0.1990,0.6671,0.0969,4.9757,5.7992,1.2777,0.0554,2.9925,0.3398,0.2614,0.2742,0.4255,2.7758,1.1545,0.0425,0.0508,0.4259,0.1254,0.1433,0.1177,4.6253,344.1151,6.1098,0.2505
86,2024-05-08,1.2601,3.0419,2.5442,0.9121,3.3667,5.0930,0.6407,0.1987,0.6671,0.0973,4.9761,5.7804,1.2780,0.0554,2.9789,0.3398,0.2606,0.2739,0.4234,2.7718,1.1534,0.0425,0.0504,0.4245,0.1253,0.1435,0.1175,4.6285,343.9028,6.1083,0.2492
87,2024-05-09,1.2623,3.0491,2.5438,0.9107,3.3769,5.0974,0.6416,0.1991,0.6670,0.0979,4.9753,5.7883,1.2810,0.0555,2.9731,0.3382,0.2606,0.2734,0.4242,2.7810,1.1577,0.0425,0.0500,0.4242,0.1255,0.1439,0.1172,4.6364,343.9627,6.1135,0.2498
88,2024-05-10,1.2561,3.0503,2.5440,0.8972,3.3721,5.0909,0.6386,0.1994,0.6670,0.0973,4.9756,5.7832,1.2824,0.0552,2.9633,0.3379,0.2605,0.2755,0.4265,2.7770,1.1586,0.0425,0.0500,0.4258,0.1257,0.1432,0.1161,4.6134,351.8267,6.0952,0.2506
89,2024-05-13,1.2566,3.0493,2.5444,0.8948,3.3742,5.0892,0.6380,0.2006,0.6670,0.0981,4.9765,5.7819,1.2855,0.0553,2.9611,0.3375,0.2605,0.2758,0.4249,2.7738,1.1610,0.0425,0.0504,0.4248,0.1254,0.1433,0.1165,4.6156,347.3272,6.0959,0.2511
90,2024-05-14,1.2553,3.0485,2.5443,0.8941,3.3726,5.0812,0.6372,0.2009,0.6670,0.0984,4.9763,5.7827,1.2877,0.0552,2.9489,0.3372,0.2596,0.2750,0.4264,2.7781,1.1640,0.0425,0.0504,0.4245,0.1258,0.1431,0.1162,4.6109,347.7572,6.0906,0.2505
91,2024-05-15,1.2513,3.0537,2.5444,0.8960,3.3722,5.0773,0.6365,0.2009,0.6670,0.0981,4.9765,5.8018,1.2891,0.0550,2.9502,0.3384,0.2587,0.2729,0.4275,2.7865,1.1662,0.0425,0.0503,0.4262,0.1258,0.1426,0.1162,4.5960,350.0728,6.0829,0.2499
92,2024-05-16,1.2462,3.0569,2.5440,0.8911,3.3593,5.0733,0.6341,0.2017,0.6669,0.0972,4.9756,5.7994,1.2896,0.0548,2.9595,0.3402,0.2579,0.2738,0.4279,2.7972,1.1681,0.0425,0.0503,0.4285,0.1267,0.1420,0.1161,4.5772,351.0005,6.0701,0.2511
93,2024-05-17,1.2491,3.0532,2.5437,0.8945,3.3641,5.0460,0.6349,0.2012,0.6668,0.0978,4.9751,5.8059,1.2827,0.0551,2.9444,0.3379,0.2575,0.2751,0.4276,2.8026,1.1662,0.0425,0.0504,0.4268,0.1266,0.1421,0.1164,4.5879,351.6538,6.0756,0.2512
94,2024-05-20,1.2463,3.0641,2.5435,0.8970,3.3626,5.0370,0.6330,0.2014,0.6668,0.0977,4.9748,5.8147,1.2880,0.0550,2.9408,0.3369,0.2588,0.2759,0.4288,2.8014,1.1679,0.0425,0.0506,0.4282,0.1272,0.1422,0.1154,4.5777,359.4834,6.0676,0.2516
95,2024-05-21,1.2458,3.0518,2.5434,0.8964,3.3568,5.0327,0.6323,0.2016,0.6667,0.0981,4.9746,5.8203,1.2905,0.0549,2.9300,0.3358,0.2585,0.2766,0.4294,2.7917,1.1691,0.0425,0.0505,0.4290,0.1260,0.1424,0.1149,4.5756,355.5761,6.0647,0.2519
96,2024-05-22,1.2490,3.0542,2.5434,0.8955,3.3576,5.0225,0.6337,0.2013,0.6667,0.0982,4.9745,5.8379,1.2865,0.0551,2.9320,0.3358,0.2592,0.2764,0.4289,2.8042,1.1681,0.0425,0.0508,0.4279,0.1262,0.1425,0.1151,4.5878,356.2719,6.0749,0.2522
97,2024-05-23,1.2491,3.0445,2.5440,0.8903,3.3566,5.0206,0.6335,0.2013,0.6668,0.0974,4.9757,5.8369,1.2849,0.0551,2.9277,0.3363,0.2603,0.2757,0.4306,2.8099,1.1655,0.0425,0.0507,0.4290,0.1256,0.1424,0.1148,4.5889,348.3880,6.0752,0.2495
98,2024-05-24,1.2508,3.0372,2.5433,0.8930,3.3469,5.0203,0.6342,0.2013,0.6667,0.0974,4.9744,5.8371,1.2901,0.0553,2.9258,0.3360,0.2592,0.2752,0.4322,2.8040,1.1671,0.0425,0.0510,0.4285,0.1252,0.1427,0.1145,4.5940,345.4718,6.0783,0.2496
99,2024-05-27,1.2478,3.0447,2.5445,0.8862,3.3562,5.0141,0.6326,0.2012,0.6670,0.0972,4.9767,5.8429,1.2941,0.0551,2.9210,0.3365,0.2590,0.2746,0.4350,2.8128,1.1703,0.0425,0.0517,0.4307,0.1251,0.1424,0.1137,4.5830,345.4379,6.0707,0.2493
100,2024-05-28,1.2457,3.0463,2.5441,0.8845,3.3581,5.0224,0.6314,0.2017,0.6669,0.0965,4.9759,5.8440,1.2956,0.0550,2.9154,0.3365,0.2582,0.2743,0.4361,2.8183,1.1704,0.0425,0.0519,0.4335,0.1249,0.1421,0.1132,4.5755,344.9545,6.0641,0.2484
101,2024-05-29,1.2483,3.0470,2.5443,0.8885,3.3561,5.0237,0.6325,0.2015,0.6670,0.0968,4.9762,5.8519,1.2897,0.0550,2.9175,0.3355,0.2581,0.2736,0.4365,2.8142,1.1691,0.0425,0.0514,0.4326,0.1248,0.1423,0.1133,4.5851,345.7888,6.0719,0.2510
102,2024-05-30,1.2531,3.0418,2.5445,0.8847,3.3541,5.0722,0.6359,0.2010,0.6671,0.0974,4.9766,5.8507,1.2798,0.0552,2.9339,0.3343,0.2592,0.2699,0.4355,2.8076,1.1603,0.0425,0.0512,0.4324,0.1250,0.1426,0.1137,4.6028,345.1286,6.0881,0.2467
103,2024-05-31,1.2496,3.0493,2.5445,0.8820,3.3625,5.0656,0.6338,0.2013,0.6672,0.0971,4.9767,5.8378,1.2796,0.0550,2.9185,0.3317,0.2599,0.2698,0.4363,2.8130,1.1674,0.0425,0.0508,0.4349,0.1248,0.1428,0.1130,4.5898,345.6579,6.0753,0.2440
104,2024-06-03,1.2503,3.0483,2.5442,0.8754,3.3606,5.0899,0.6337,0.2014,0.6671,0.0971,4.9761,5.8343,1.2719,0.0552,2.9243,0.3331,0.2592,0.2643,0.4366,2.8181,1.1614,0.0425,0.0514,0.4363,0.1246,0.1426,0.1135,4.5922,343.6252,6.0768,0.2451
105,2024-06-04,1.2458,3.0391,2.5438,0.8714,3.3421,5.1183,0.6318,0.2014,0.6670,0.0968,4.9752,5.8405,1.2714,0.0548,2.9498,0.3320,0.2595,0.2560,0.4333,2.8206,1.1595,0.0425,0.0516,0.4369,0.1251,0.1418,0.1136,4.5757,342.9745,6.0687,0.2441
106,2024-06-05,1.2456,3.0415,2.5441,0.8649,3.3433,5.1273,0.6313,0.2016,0.6671,0.0964,4.9758,5.8456,1.2665,0.0549,2.9312,0.3332,0.2586,0.2597,0.4333,2.8289,1.1541,0.0425,0.0517,0.4386,0.1247,0.1405,0.1139,4.5752,343.0966,6.0660,0.2421
107,2024-06-06,1.2453,3.0407,2.5443,0.8627,3.3410,5.1297,0.6314,0.2020,0.6672,0.0960,4.9763,5.8466,1.2705,0.0548,2.9330,0.3346,0.2587,0.2618,0.4331,2.8285,1.1569,0.0425,0.0516,0.4404,0.1254,0.1420,0.1139,4.5740,347.0821,6.0660,0.2419
108,2024-06-07,1.2433,3.0422,2.5442,0.8684,3.3379,5.1360,0.6306,0.2025,0.6670,0.0961,4.9760,5.8452,1.2786,0.0548,2.9370,0.3342,0.2589,0.2556,0.4329,2.8264,1.1595,0.0425,0.0514,0.4403,0.1252,0.1413,0.1134,4.5668,343.3616,6.0612,0.2421
109,2024-06-10,1.2606,3.0495,2.5444,0.8648,3.3603,5.1621,0.6388,0.2022,0.6671,0.0971,4.9765,5.8813,1.2642,0.0554,2.9512,0.3364,0.2590,0.2504,0.4311,2.8277,1.1508,0.0425,0.0520,0.4381,0.1258,0.1428,0.1144,4.6302,341.8121,6.1119,0.2470
110,2024-06-11,1.2605,3.0531,2.5445,0.8646,3.3618,5.1617,0.6382,0.2013,0.6672,0.0972,4.9767,5.8931,1.2605,0.0554,2.9443,0.3358,0.2628,0.2511,0.4335,2.8355,1.1468,0.0425,0.0519,0.4411,0.1260,0.1430,0.1143,4.6295,343.0859,6.1108,0.2472
111,2024-06-12,1.2602,3.0616,2.5445,0.8626,3.3670,5.1619,0.6382,0.2016,0.6672,0.0972,4.9766,5.9031,1.2612,0.0554,2.9425,0.3365,0.2618,0.2481,0.4339,2.8443,1.1476,0.0425,0.0518,0.4422,0.1262,0.1428,0.1143,4.6290,344.3470,6.1111,0.2490
112,2024-06-13,1.2540,3.0636,2.5448,0.8526,3.3520,5.1441,0.6351,0.2017,0.6673,0.0965,4.9772,5.8891,1.2571,0.0551,2.9297,0.3354,0.2604,0.2459,0.4340,2.8447,1.1464,0.0425,0.0526,0.4439,0.1257,0.1426,0.1130,4.6060,342.8803,6.0918,0.2505
113,2024-06-14,1.2680,3.0788,2.5447,0.8685,3.3854,5.2114,0.6419,0.2011,0.6670,0.0976,4.9771,5.9174,1.2500,0.0557,2.9651,0.3364,0.2589,0.2503,0.4360,2.8549,1.1388,0.0425,0.0522,0.4422,0.1267,0.1434,0.1145,4.6576,347.5083,6.1360,0.2532
114,2024-06-17,1.2651,3.0692,2.5446,0.8642,3.3811,5.2078,0.6403,0.2017,0.6671,0.0974,4.9768,5.8855,1.2572,0.0556,2.9473,0.3367,0.2613,0.2513,0.4338,2.8448,1.1417,0.0425,0.0523,0.4409,0.1262,0.1414,0.1143,4.6464,346.6329,6.1229,0.2549
115,2024-06-18,1.2634,3.0713,2.5445,0.8560,3.3757,5.2278,0.6395,0.2009,0.6671,0.0973,4.9766,5.8856,1.2569,0.0556,2.9348,0.3350,0.2607,0.2515,0.4344,2.8332,1.1434,0.0425,0.0536,0.4428,0.1260,0.1422,0.1143,4.6402,344.9150,6.1165,0.2561
116,2024-06-19,1.2620,3.0913,2.5443,0.8519,3.3791,5.2368,0.6388,0.1998,0.6671,0.0972,4.9763,5.9010,1.2574,0.0555,2.9367,0.3357,0.2602,0.2519,0.4384,2.8442,1.1471,0.0425,0.0558,0.4440,0.1264,0.1422,0.1142,4.6356,347.0661,6.1145,0.2576
117,2024-06-20,1.2633,3.0945,2.5447,0.8556,3.3835,5.2132,0.6391,0.2002,0.6673,0.0973,4.9770,5.8945,1.2548,0.0555,2.9284,0.3346,0.2590,0.2524,0.4405,2.8438,1.1510,0.0425,0.0544,0.4439,0.1262,0.1423,0.1145,4.6403,348.3486,6.1164,0.2559
118,2024-06-21,1.2670,3.0942,2.5447,0.8532,3.3984,5.2157,0.6409,0.1996,0.6674,0.0975,4.9771,5.8883,1.2521,0.0557,2.9294,0.3348,0.2596,0.2541,0.4414,2.8500,1.1489,0.0425,0.0524,0.4427,0.1270,0.1421,0.1150,4.6535,353.6146,6.1254,0.2598
119,2024-06-25,1.2629,3.0895,2.5446,0.8605,3.3970,5.1926,0.6387,0.2004,0.6672,0.0960,4.9768,5.8873,1.2562,0.0556,2.9090,0.3337,0.2593,0.2577,0.4393,2.8408,1.1588,0.0425,0.0528,0.4431,0.1265,0.1406,0.1142,4.6386,348.0234,6.1116,0.2548
120,2024-06-26,1.2675,3.1079,2.5446,0.8540,3.4062,5.1867,0.6407,0.1999,0.6672,0.0964,4.9769,5.9003,1.2566,0.0557,2.9106,0.3351,0.2589,0.2566,0.4385,2.8429,1.1568,0.0425,0.0534,0.4419,0.1264,0.1413,0.1149,4.6557,346.8311,6.1248,0.2570
121,2024-06-27,1.2664,3.1021,2.5446,0.8420,3.4000,5.1861,0.6400,0.1995,0.6673,0.0968,4.9768,5.8820,1.2542,0.0557,2.8981,0.3357,0.2597,0.2542,0.4370,2.8380,1.1550,0.0425,0.0542,0.4393,0.1262,0.1415,0.1148,4.6516,345.6809,6.1186,0.2534
122,2024-06-28,1.2657,3.0942,2.5447,0.8450,3.3947,5.1718,0.6400,0.1989,0.6674,0.0968,4.9771,5.8800,1.2603,0.0558,2.8930,0.3378,0.2594,0.2533,0.4368,2.8267,1.1550,0.0425,0.0544,0.4378,0.1265,0.1416,0.1149,4.6489,348.2404,6.1162,0.2556
123,2024-07-01,1.2595,3.0901,2.5447,0.8273,3.3815,5.1349,0.6365,0.1988,0.6673,0.0960,4.9770,5.8622,1.2648,0.0554,2.8726,0.3347,0.2589,0.2518,0.4350,2.8220,1.1578,0.0425,0.0529,0.4382,0.1260,0.1415,0.1138,4.6263,346.1836,6.0951,0.2565
124,2024-07-02,1.2649,3.0898,2.5447,0.8214,3.3835,5.1386,0.6390,0.1975,0.6673,0.0964,4.9770,5.8694,1.2551,0.0556,2.8743,0.3345,0.2579,0.2520,0.4350,2.8134,1.1493,0.0425,0.0525,0.4367,0.1260,0.1421,0.1140,4.6462,347.3493,6.1102,0.2515
125,2024-07-03,1.2596,3.0874,2.5447,0.8150,3.3822,5.1228,0.6361,0.1976,0.6673,0.0960,4.9771,5.8751,1.2596,0.0554,2.8579,0.3330,0.2591,0.2537,0.4343,2.8087,1.1570,0.0425,0.0524,0.4377,0.1258,0.1420,0.1136,4.6264,348.7516,6.0938,0.2507
126,2024-07-04,1.2548,3.0978,2.5448,0.8291,3.3825,5.1179,0.6339,0.1978,0.6673,0.0960,4.9772,5.8770,1.2647,0.0552,2.8577,0.3338,0.2585,0.2546,0.4364,2.8188,1.1586,0.0425,0.0523,0.4386,0.1258,0.1415,0.1137,4.6089,349.3243,6.0816,0.2506
127,2024-07-05,1.2517,3.0964,2.5448,0.8375,3.3789,5.1188,0.6327,0.1977,0.6673,0.0958,4.9773,5.8771,1.2682,0.0551,2.8613,0.3332,0.2578,0.2545,0.4353,2.8145,1.1629,0.0425,0.0521,0.4382,0.1257,0.1406,0.1133,4.5975,349.4466,6.0742,0.2525
128,2024-07-08,1.2497,3.0941,2.5439,0.8407,3.3666,5.1244,0.6314,0.1978,0.6671,0.0957,4.9755,5.8857,1.2625,0.0550,2.8499,0.3316,0.2574,0.2545,0.4339,2.8168,1.1636,0.0425,0.0518,0.4375,0.1259,0.1406,0.1127,4.5904,349.6833,6.0670,0.2527
129,2024-07-09,1.2510,3.0967,2.5429,0.8397,3.3686,5.1197,0.6319,0.1973,0.6668,0.0955,4.9735,5.8865,1.2577,0.0550,2.8540,0.3323,0.2576,0.2549,0.4325,2.8107,1.1675,0.0425,0.0520,0.4353,0.1263,0.1401,0.1127,4.5949,349.2805,6.0701,0.2537
130,2024-07-10,1.2515,3.0979,2.5429,0.8484,3.3714,5.1203,0.6317,0.1961,0.6667,0.0957,4.9736,5.8887,1.2650,0.0550,2.8451,0.3319,0.2581,0.2584,0.4306,2.7909,1.1681,0.0425,0.0523,0.4356,0.1263,0.1396,0.1128,4.5967,350.5732,6.0699,0.2542
131,2024-07-11,1.2489,3.0988,2.5436,0.8470,3.3652,5.1059,0.6313,0.1961,0.6668,0.0956,4.9749,5.9053,1.2626,0.0549,2.8396,0.3326,0.2585,0.2570,0.4251,2.7934,1.1684,0.0425,0.0522,0.4355,0.1264,0.1392,0.1121,4.5873,351.4006,6.0652,0.2536
132,2024-07-12,1.2439,3.0952,2.5430,0.8399,3.3553,5.0989,0.6298,0.1961,0.6666,0.0952,4.9737,5.9158,1.2665,0.0547,2.8711,0.3319,0.2578,0.2577,0.4267,2.7907,1.1680,0.0425,0.0521,0.4334,0.1262,0.1390,0.1114,4.5689,353.2067,6.0575,0.2541
133,2024-07-15,1.2401,3.0888,2.5411,0.8390,3.3388,5.0961,0.6272,0.1956,0.6661,0.0951,4.9700,5.9149,1.2697,0.0545,2.8843,0.3295,0.2570,0.2554,0.4239,2.7760,1.1690,0.0425,0.0518,0.4315,0.1258,0.1378,0.1110,4.5550,352.8944,6.0469,0.2504
134,2024-07-16,1.2403,3.0731,2.5388,0.8361,3.3308,5.0873,0.6269,0.1958,0.6655,0.0948,4.9655,5.9096,1.2677,0.0545,2.8758,0.3293,0.2565,0.2568,0.4210,2.7639,1.1638,0.0424,0.0516,0.4295,0.1262,0.1377,0.1103,4.5555,357.7186,6.0436,0.2515
135,2024-07-17,1.2362,3.0655,2.5401,0.8369,3.3226,5.1141,0.6260,0.1963,0.6660,0.0942,4.9681,5.9215,1.2684,0.0544,2.9025,0.3299,0.2574,0.2557,0.4229,2.7665,1.1552,0.0424,0.0515,0.4316,0.1266,0.1373,0.1095,4.5404,361.0678,6.0394,0.2499
136,2024-07-18,1.2379,3.0623,2.5407,0.8281,3.3251,5.1433,0.6264,0.1966,0.6661,0.0942,4.9692,5.9059,1.2739,0.0544,2.9063,0.3287,0.2566,0.2569,0.4232,2.7600,1.1558,0.0425,0.0516,0.4308,0.1264,0.1376,0.1098,4.5468,360.6045,6.0432,0.2493
137,2024-07-19,1.2435,3.0560,2.5416,0.8237,3.3295,5.1374,0.6284,0.1971,0.6663,0.0947,4.9709,5.8970,1.2719,0.0546,2.9025,0.3289,0.2567,0.2541,0.4199,2.7512,1.1599,0.0425,0.0519,0.4279,0.1259,0.1380,0.1100,4.5670,354.6908,6.0565,0.2489
138,2024-07-22,1.2427,3.0415,2.5419,0.8134,3.3209,5.1405,0.6276,0.1971,0.6663,0.0943,4.9716,5.9007,1.2762,0.0546,2.9127,0.3287,0.2583,0.2541,0.4174,2.7381,1.1611,0.0425,0.0521,0.4279,0.1258,0.1384,0.1104,4.5645,352.3183,6.0561,0.2500
139,2024-07-23,1.2456,3.0311,2.5426,0.8212,3.3238,5.1357,0.6289,0.1962,0.6665,0.0946,4.9729,5.9082,1.2740,0.0547,2.9336,0.3300,0.2576,0.2551,0.4155,2.7278,1.1624,0.0425,0.0524,0.4257,0.1263,0.1388,0.1109,4.5749,354.1460,6.0675,0.2495
140,2024-07-24,1.2483,3.0257,2.5413,0.8209,3.3250,5.1659,0.6301,0.1957,0.6662,0.0948,4.9704,5.9171,1.2685,0.0548,2.9652,0.3312,0.2577,0.2517,0.4145,2.7202,1.1617,0.0425,0.0528,0.4247,0.1268,0.1397,0.1112,4.5850,355.8616,6.0786,0.2505
141,2024-07-25,1.2465,2.9881,2.5406,0.8097,3.3092,5.2094,0.6342,0.1957,0.6658,0.0947,4.9690,5.9000,1.2610,0.0547,3.0043,0.3317,0.2576,0.2475,0.4115,2.7052,1.1566,0.0424,0.0538,0.4225,0.1266,0.1385,0.1111,4.5785,349.4549,6.0828,0.2475
142,2024-07-26,1.2464,3.0027,2.5411,0.8110,3.3139,5.1865,0.6313,0.1958,0.6660,0.0947,4.9700,5.8914,1.2701,0.0547,2.9694,0.3304,0.2576,0.2496,0.4154,2.7007,1.1625,0.0425,0.0535,0.4235,0.1270,0.1385,0.1114,4.5781,349.3503,6.0744,0.2507
143,2024-07-29,1.2489,3.0042,2.5421,0.8096,3.3165,5.1870,0.6321,0.1959,0.6663,0.0950,4.9720,5.8851,1.2705,0.0548,2.9856,0.3319,0.2578,0.2485,0.4175,2.6976,1.1607,0.0425,0.0529,0.4241,0.1276,0.1390,0.1117,4.5874,352.6919,6.0830,0.2499
144,2024-07-30,1.2504,3.0068,2.5438,0.8177,3.3176,5.1823,0.6333,0.1958,0.6667,0.0949,4.9753,5.9065,1.2614,0.0549,2.9651,0.3318,0.2588,0.2462,0.4182,2.7070,1.1600,0.0425,0.0532,0.4248,0.1277,0.1388,0.1119,4.5925,352.7853,6.0876,0.2505
145,2024-07-31,1.2512,2.9860,2.5438,0.8188,3.3196,5.2148,0.6362,0.1955,0.6667,0.0946,4.9752,5.8972,1.2579,0.0549,3.0543,0.3347,0.2590,0.2441,0.4206,2.7194,1.1585,0.0425,0.0534,0.4275,0.1289,0.1386,0.1120,4.5956,357.7496,6.1038,0.2523
146,2024-08-01,1.2563,3.0108,2.5442,0.8156,3.3365,5.2653,0.6371,0.1954,0.6668,0.0947,4.9760,5.8891,1.2590,0.0551,3.0800,0.3375,0.2594,0.2471,0.4239,2.7420,1.1594,0.0425,0.0538,0.4317,0.1296,0.1393,0.1121,4.6145,360.7644,6.1186,0.2533
147,2024-08-02,1.2522,2.9934,2.5438,0.7996,3.3140,5.2830,0.6383,0.1967,0.6667,0.0945,4.9753,5.8578,1.2542,0.0549,3.0897,0.3366,0.2605,0.2423,0.4180,2.7359,1.1599,0.0425,0.0535,0.4286,0.1301,0.1388,0.1115,4.5995,364.2304,6.1099,0.2526
148,2024-08-05,1.2368,2.9300,2.5446,0.7930,3.2749,5.3529,0.6378,0.1971,0.6671,0.0916,4.9769,5.7962,1.2496,0.0542,3.1978,0.3332,0.2592,0.2300,0.4115,2.6962,1.1567,0.0425,0.0534,0.4292,0.1291,0.1363,0.1102,4.5426,354.1692,6.0866,0.2440
149,2024-08-06,1.2417,2.9561,2.5446,0.7968,3.2938,5.3396,0.6378,0.1967,0.6670,0.0926,4.9768,5.7941,1.2510,0.0543,3.1492,0.3305,0.2560,0.2347,0.4136,2.6999,1.1524,0.0425,0.0536,0.4311,0.1284,0.1358,0.1112,4.5606,353.8125,6.0903,0.2459
150,2024-08-07,1.2419,2.9945,2.5445,0.8063,3.3173,5.2886,0.6349,0.1969,0.6668,0.0927,4.9766,5.7958,1.2493,0.0543,3.0956,0.3316,0.2575,0.2368,0.4224,2.7442,1.1524,0.0425,0.0531,0.4364,0.1279,0.1360,0.1113,4.5613,351.2238,6.0803,0.2491
151,2024-08-08,1.2398,2.9817,2.5445,0.8078,3.3125,5.3122,0.6353,0.1970,0.6669,0.0924,4.9767,5.7704,1.2531,0.0542,3.1175,0.3308,0.2576,0.2359,0.4194,2.7277,1.1510,0.0425,0.0526,0.4338,0.1288,0.1358,0.1110,4.5539,350.7813,6.0774,0.2470
152,2024-08-09,1.2410,3.0006,2.5446,0.8217,3.3186,5.2680,0.6356,0.1972,0.6670,0.0926,4.9769,5.8158,1.2587,0.0543,3.0957,0.3337,0.2578,0.2425,0.4209,2.7435,1.1501,0.0425,0.0517,0.4331,0.1292,0.1362,0.1108,4.5582,355.1653,6.0810,0.2490
153,2024-08-12,1.2400,3.0048,2.5444,0.8269,3.3189,5.2464,0.6344,0.1976,0.6669,0.0923,4.9765,5.8106,1.2652,0.0542,3.0919,0.3322,0.2583,0.2416,0.4224,2.7461,1.1556,0.0425,0.0506,0.4328,0.1291,0.1358,0.1102,4.5545,357.6911,6.0765,0.2502
154,2024-08-13,1.2405,3.0088,2.5444,0.8295,3.3186,5.2508,0.6357,0.1974,0.6669,0.0923,4.9764,5.8309,1.2643,0.0543,3.0817,0.3322,0.2583,0.2401,0.4229,2.7525,1.1600,0.0425,0.0490,0.4326,0.1296,0.1360,0.1102,4.5565,360.3486,6.0794,0.2503
155,2024-08-14,1.2285,2.9945,2.5442,0.8269,3.2936,5.2344,0.6317,0.1975,0.6668,0.0914,4.9761,5.7993,1.2623,0.0537,3.0685,0.3329,0.2589,0.2385,0.4233,2.7152,1.1588,0.0425,0.0494,0.4340,0.1293,0.1347,0.1092,4.5124,358.8318,6.0449,0.2498
156,2024-08-16,1.2327,3.0052,2.5439,0.8253,3.3005,5.2123,0.6320,0.1972,0.6668,0.0926,4.9754,5.8414,1.2574,0.0539,3.0459,0.3340,0.2575,0.2432,0.4226,2.7283,1.1639,0.0425,0.0510,0.4314,0.1293,0.1344,0.1098,4.5278,358.6134,6.0543,0.2526
157,2024-08-19,1.2276,3.0152,2.5448,0.8240,3.2963,5.2127,0.6312,0.1978,0.6670,0.0923,4.9773,5.8457,1.2652,0.0538,3.0855,0.3372,0.2578,0.2415,0.4232,2.7372,1.1654,0.0425,0.0502,0.4326,0.1309,0.1338,0.1091,4.5090,362.5709,6.0489,0.2535
158,2024-08-20,1.2230,3.0246,2.5446,0.8310,3.2999,5.2248,0.6289,0.1978,0.6669,0.0919,4.9769,5.8431,1.2631,0.0536,3.0678,0.3371,0.2572,0.2398,0.4255,2.7566,1.1662,0.0425,0.0491,0.4371,0.1314,0.1328,0.1086,4.4922,364.3531,6.0340,0.2525
159,2024-08-21,1.2192,3.0170,2.5448,0.8172,3.2899,5.2350,0.6276,0.1982,0.6670,0.0916,4.9772,5.8312,1.2668,0.0534,3.0636,0.3342,0.2567,0.2364,0.4251,2.7484,1.1608,0.0425,0.0487,0.4371,0.1304,0.1320,0.1084,4.4781,360.7290,6.0230,0.2510
160,2024-08-22,1.2162,3.0127,2.5444,0.8146,3.2905,5.2492,0.6259,0.1984,0.6669,0.0916,4.9765,5.8613,1.2621,0.0532,3.0677,0.3343,0.2559,0.2314,0.4244,2.7522,1.1624,0.0425,0.0490,0.4376,0.1301,0.1318,0.1082,4.4668,360.0863,6.0173,0.2488
161,2024-08-23,1.2185,3.0118,2.5445,0.8002,3.2940,5.2522,0.6271,0.1984,0.6670,0.0917,4.9767,5.8753,1.2635,0.0533,3.0645,0.3347,0.2559,0.2302,0.4220,2.7551,1.1634,0.0425,0.0489,0.4356,0.1306,0.1316,0.1085,4.4754,359.7295,6.0245,0.2497
162,2024-08-26,1.2124,3.0164,2.5438,0.8116,3.2962,5.2596,0.6257,0.1988,0.6668,0.0913,4.9753,5.8730,1.2593,0.0531,3.0926,0.3361,0.2564,0.2319,0.4217,2.7633,1.1621,0.0425,0.0484,0.4357,0.1310,0.1311,0.1077,4.4532,361.4031,6.0131,0.2506
163,2024-08-27,1.2131,3.0220,2.5444,0.8105,3.3083,5.2631,0.6252,0.1988,0.6670,0.0915,4.9765,5.8967,1.2631,0.0531,3.0764,0.3346,0.2564,0.2295,0.4229,2.7727,1.1635,0.0425,0.0487,0.4367,0.1308,0.1311,0.1078,4.4554,359.4383,6.0140,0.2509
164,2024-08-28,1.2166,3.0351,2.5447,0.8110,3.3193,5.3052,0.6272,0.1986,0.6672,0.0918,4.9771,5.9072,1.2647,0.0532,3.0990,0.3346,0.2556,0.2274,0.4249,2.7909,1.1580,0.0425,0.0488,0.4389,0.1315,0.1314,0.1083,4.4684,360.7082,6.0277,0.2516
165,2024-08-29,1.2215,3.0603,2.5448,0.8065,3.3345,5.3189,0.6325,0.1988,0.6673,0.0922,4.9772,5.9207,1.2665,0.0535,3.1043,0.3376,0.2570,0.2290,0.4279,2.8175,1.1593,0.0425,0.0490,0.4394,0.1322,0.1316,0.1089,4.4866,363.5326,6.0459,0.2534
166,2024-08-30,1.2226,3.0567,2.5446,0.7978,3.3325,5.2932,0.6332,0.1988,0.6673,0.0924,4.9769,5.9203,1.2678,0.0535,3.0945,0.3367,0.2577,0.2276,0.4265,2.8134,1.1631,0.0425,0.0491,0.4387,0.1325,0.1318,0.1093,4.4906,364.5107,6.0476,0.2544
167,2024-09-02,1.2238,3.0482,2.5439,0.8009,3.3309,5.2900,0.6322,0.1987,0.6671,0.0926,4.9755,5.9032,1.2676,0.0536,3.0644,0.3356,0.2585,0.2284,0.4251,2.8003,1.1626,0.0425,0.0501,0.4381,0.1314,0.1321,0.1092,4.4950,361.1841,6.0431,0.2513
168,2024-09-03,1.2266,3.0356,2.5430,0.8021,3.3301,5.2871,0.6328,0.1985,0.6668,0.0929,4.9738,5.9089,1.2642,0.0537,3.0869,0.3358,0.2579,0.2278,0.4231,2.7878,1.1631,0.0425,0.0507,0.4372,0.1316,0.1327,0.1090,4.5050,362.4655,6.0524,0.2512
169,2024-09-04,1.2246,3.0207,2.5426,0.7961,3.3189,5.2951,0.6320,0.1984,0.6666,0.0927,4.9729,5.9029,1.2649,0.0536,3.0985,0.3355,0.2575,0.2269,0.4204,2.7841,1.1614,0.0425,0.0506,0.4362,0.1314,0.1321,0.1090,4.4977,358.7210,6.0479,0.2509
170,2024-09-05,1.2197,3.0117,2.5417,0.7938,3.3163,5.2926,0.6312,0.1984,0.6663,0.0925,4.9711,5.8959,1.2655,0.0533,3.1210,0.3356,0.2572,0.2239,0.4223,2.7788,1.1629,0.0425,0.0495,0.4363,0.1331,0.1320,0.1091,4.4799,362.4717,6.0386,0.2518
171,2024-09-06,1.2186,3.0155,2.5425,0.8036,3.3163,5.3165,0.6318,0.1986,0.6664,0.0924,4.9728,5.8944,1.2617,0.0533,3.1359,0.3368,0.2561,0.2252,0.4218,2.7874,1.1621,0.0425,0.0497,0.4375,0.1336,0.1315,0.1092,4.4760,362.6244,6.0396,0.2525
172,2024-09-09,1.2248,2.9962,2.5432,0.8034,3.3165,5.3071,0.6323,0.1988,0.6666,0.0930,4.9741,5.8889,1.2603,0.0536,3.1350,0.3344,0.2566,0.2260,0.4171,2.7616,1.1625,0.0425,0.0496,0.4345,0.1325,0.1321,0.1094,4.4986,361.0585,6.0531,0.2512
173,2024-09-10,1.2266,3.0039,2.5432,0.8068,3.3208,5.3163,0.6329,0.1984,0.6666,0.0932,4.9742,5.9016,1.2532,0.0536,3.1459,0.3359,0.2588,0.2260,0.4174,2.7751,1.1613,0.0425,0.0494,0.4346,0.1335,0.1324,0.1094,4.5050,362.8761,6.0600,0.2514
174,2024-09-11,1.2261,2.9991,2.5431,0.7951,3.3146,5.3246,0.6332,0.1982,0.6666,0.0931,4.9740,5.8944,1.2546,0.0536,3.1829,0.3363,0.2589,0.2256,0.4169,2.7668,1.1601,0.0425,0.0492,0.4350,0.1338,0.1323,0.1091,4.5032,365.2626,6.0635,0.2519
175,2024-09-12,1.2294,3.0144,2.5432,0.7965,3.3272,5.2830,0.6342,0.1980,0.6666,0.0932,4.9742,5.8940,1.2551,0.0538,3.1668,0.3367,0.2586,0.2289,0.4172,2.7700,1.1567,0.0425,0.0494,0.4356,0.1338,0.1325,0.1093,4.5156,365.6995,6.0698,0.2507
176,2024-09-13,1.2204,3.0116,2.5430,0.7966,3.3029,5.2884,0.6322,0.1977,0.6664,0.0926,4.9737,5.8899,1.2565,0.0534,3.1896,0.3382,0.2583,0.2302,0.4200,2.7728,1.1584,0.0425,0.0493,0.4378,0.1345,0.1320,0.1085,4.4826,370.5328,6.0510,0.2521
177,2024-09-16,1.2180,3.0135,2.5433,0.8041,3.2941,5.2921,0.6307,0.1979,0.6666,0.0924,4.9743,5.8990,1.2620,0.0533,3.1895,0.3393,0.2566,0.2330,0.4223,2.7678,1.1635,0.0425,0.0490,0.4393,0.1346,0.1317,0.1079,4.4737,371.8457,6.0452,0.2534
178,2024-09-17,1.2160,3.0209,2.5430,0.8114,3.2875,5.2921,0.6296,0.1977,0.6665,0.0922,4.9738,5.9047,1.2615,0.0533,3.1760,0.3391,0.2558,0.2319,0.4217,2.7710,1.1651,0.0425,0.0489,0.4396,0.1341,0.1312,0.1077,4.4662,369.6415,6.0382,0.2535
179,2024-09-18,1.2158,3.0299,2.5434,0.8144,3.2874,5.3003,0.6303,0.1985,0.6667,0.0920,4.9746,5.9056,1.2615,0.0533,3.1538,0.3378,0.2558,0.2339,0.4222,2.7796,1.1644,0.0425,0.0486,0.4395,0.1343,0.1309,0.1077,4.4657,368.9924,6.0359,0.2542
180,2024-09-19,1.2117,3.0429,2.5433,0.8149,3.2880,5.2625,0.6303,0.1983,0.6668,0.0918,4.9744,5.9110,1.2603,0.0532,3.1177,0.3356,0.2559,0.2321,0.4261,2.7892,1.1654,0.0425,0.0479,0.4398,0.1345,0.1308,0.1073,4.4504,371.0295,6.0226,0.2558
181,2024-09-20,1.2134,3.0342,2.5434,0.8215,3.2843,5.2532,0.6319,0.1982,0.6668,0.0918,4.9745,5.9252,1.2616,0.0533,3.0980,0.3338,0.2553,0.2297,0.4244,2.7782,1.1626,0.0425,0.0480,0.4374,0.1349,0.1313,0.1078,4.4568,373.3536,6.0266,0.2537
182,2024-09-23,1.2193,3.0529,2.5432,0.8127,3.3021,5.2655,0.6345,0.1982,0.6669,0.0920,4.9741,5.9502,1.2608,0.0536,3.1181,0.3347,0.2556,0.2300,0.4254,2.7969,1.1640,0.0425,0.0482,0.4374,0.1357,0.1313,0.1082,4.4783,377.2337,6.0465,0.2575
183,2024-09-24,1.2165,3.0575,2.5440,0.8069,3.3071,5.2667,0.6354,0.1978,0.6672,0.0918,4.9757,5.9772,1.2612,0.0534,3.0965,0.3347,0.2566,0.2308,0.4282,2.8042,1.1670,0.0425,0.0480,0.4407,0.1359,0.1307,0.1080,4.4683,377.8501,6.0415,0.2582
184,2024-09-25,1.2117,3.0593,2.5441,0.8166,3.3122,5.2446,0.6338,0.1981,0.6672,0.0915,4.9758,5.9519,1.2601,0.0532,3.0868,0.3341,0.2564,0.2299,0.4266,2.8083,1.1676,0.0425,0.0481,0.4399,0.1360,0.1304,0.1079,4.4506,380.1206,6.0262,0.2586
185,2024-09-26,1.2151,3.0655,2.5442,0.8152,3.3143,5.2641,0.6358,0.1978,0.6673,0.0922,4.9759,5.9642,1.2573,0.0534,3.0825,0.3358,0.2549,0.2281,0.4220,2.8062,1.1657,0.0425,0.0482,0.4396,0.1371,0.1307,0.1083,4.4629,382.8727,6.0360,0.2590
186,2024-09-27,1.2146,3.0729,2.5442,0.8204,3.3096,5.2832,0.6363,0.1978,0.6673,0.0922,4.9760,5.9711,1.2528,0.0533,3.1130,0.3396,0.2562,0.2283,0.4228,2.8168,1.1633,0.0425,0.0481,0.4406,0.1377,0.1305,0.1083,4.4612,382.0804,6.0402,0.2602
187,2024-09-30,1.2102,3.0781,2.5440,0.8179,3.2880,5.2677,0.6340,0.1976,0.6673,0.0920,4.9756,5.9563,1.2512,0.0530,3.1194,0.3391,0.2558,0.2261,0.4230,2.8254,1.1637,0.0425,0.0476,0.4407,0.1382,0.1301,0.1078,4.4451,378.7000,6.0279,0.2592
188,2024-10-01,1.2213,3.0972,2.5441,0.8231,3.3136,5.2959,0.6391,0.1969,0.6672,0.0930,4.9758,5.9766,1.2512,0.0535,3.1208,0.3401,0.2550,0.2279,0.4227,2.8342,1.1609,0.0425,0.0479,0.4399,0.1377,0.1314,0.1086,4.4857,381.9299,6.0589,0.2591
189,2024-10-02,1.2238,3.0989,2.5444,0.8285,3.3328,5.3087,0.6405,0.1965,0.6671,0.0929,4.9764,5.9751,1.2478,0.0535,3.1160,0.3404,0.2576,0.2295,0.4260,2.8245,1.1579,0.0425,0.0475,0.4385,0.1372,0.1312,0.1088,4.4952,383.4311,6.0654,0.2578
190,2024-10-03,1.2275,3.0875,2.5443,0.8290,3.3342,5.2942,0.6424,0.1963,0.6671,0.0932,4.9763,5.9133,1.2413,0.0537,3.0695,0.3384,0.2578,0.2315,0.4247,2.8047,1.1575,0.0425,0.0474,0.4378,0.1362,0.1319,0.1093,4.5085,383.6722,6.0639,0.2586
191,2024-10-04,1.2288,3.0880,2.5445,0.8240,3.3287,5.2945,0.6431,0.1963,0.6672,0.0934,4.9766,5.9447,1.2388,0.0538,3.0820,0.3371,0.2579,0.2333,0.4257,2.7994,1.1541,0.0425,0.0475,0.4386,0.1366,0.1319,0.1096,4.5135,385.6265,6.0718,0.2587
192,2024-10-07,1.2367,3.0834,2.5447,0.8325,3.3426,5.2961,0.6472,0.1963,0.6675,0.0938,4.9770,5.9374,1.2384,0.0541,3.0643,0.3374,0.2576,0.2363,0.4273,2.7907,1.1511,0.0425,0.0472,0.4380,0.1358,0.1328,0.1102,4.5425,387.6905,6.0903,0.2606
193,2024-10-08,1.2330,3.0466,2.5447,0.8238,3.3199,5.2985,0.6421,0.1966,0.6674,0.0934,4.9771,5.9304,1.2415,0.0539,3.0636,0.3359,0.2587,0.2346,0.4251,2.7708,1.1541,0.0425,0.0470,0.4380,0.1353,0.1320,0.1100,4.5290,384.5900,6.0763,0.2593
194,2024-10-09,1.2354,3.0582,2.5443,0.8198,3.3206,5.2959,0.6420,0.1964,0.6672,0.0935,4.9763,5.9394,1.2462,0.0541,3.0533,0.3378,0.2575,0.2347,0.4228,2.7633,1.1587,0.0425,0.0468,0.4379,0.1358,0.1326,0.1101,4.5377,381.7979,6.0803,0.2581
195,2024-10-10,1.2393,3.0605,2.5441,0.8136,3.3145,5.2944,0.6434,0.1965,0.6671,0.0938,4.9759,5.9517,1.2425,0.0542,3.0572,0.3375,0.2573,0.2336,0.4222,2.7665,1.1559,0.0425,0.0467,0.4379,0.1356,0.1330,0.1105,4.5521,382.9182,6.0915,0.2591
196,2024-10-11,1.2380,3.0630,2.5438,0.8144,3.3028,5.3043,0.6434,0.1966,0.6668,0.0936,4.9752,5.9437,1.2412,0.0541,3.0531,0.3366,0.2574,0.2340,0.4240,2.7699,1.1591,0.0425,0.0474,0.4378,0.1363,0.1326,0.1104,4.5471,385.5996,6.0872,0.2605
197,2024-10-14,1.2388,3.0618,2.5433,0.8108,3.2998,5.2933,0.6427,0.1969,0.6667,0.0937,4.9744,5.9421,1.2427,0.0541,3.0465,0.3352,0.2574,0.2364,0.4232,2.7703,1.1602,0.0425,0.0473,0.4377,0.1371,0.1329,0.1104,4.5501,388.9505,6.0868,0.2604
198,2024-10-15,1.2415,3.0624,2.5439,0.8149,3.3030,5.2951,0.6412,0.1973,0.6669,0.0939,4.9755,5.9644,1.2429,0.0543,3.0629,0.3351,0.2574,0.2345,0.4218,2.7786,1.1590,0.0425,0.0469,0.4397,0.1368,0.1330,0.1107,4.5603,389.2309,6.0954,0.2593
199,2024-10-16,1.2435,3.0553,2.5441,0.8080,3.3133,5.3002,0.6422,0.1968,0.6669,0.0940,4.9758,5.9452,1.2408,0.0544,3.0613,0.3358,0.2581,0.2314,0.4213,2.7740,1.1574,0.0425,0.0469,0.4381,0.1377,0.1336,0.1108,4.5675,393.9593,6.0992,0.2603
200,2024-10-17,1.2463,3.0629,2.5421,0.8074,3.3223,5.2956,0.6425,0.1968,0.6664,0.0941,4.9720,5.9484,1.2384,0.0545,3.0591,0.3340,0.2582,0.2298,0.4184,2.7753,1.1517,0.0425,0.0470,0.4353,0.1379,0.1336,0.1110,4.5778,394.4609,6.1040,0.2580
201,2024-10-18,1.2487,3.0792,2.5423,0.8112,3.3256,5.2949,0.6454,0.1971,0.6668,0.0943,4.9724,5.9815,1.2432,0.0546,3.0597,0.3343,0.2584,0.2320,0.4216,2.7852,1.1542,0.0425,0.0475,0.4362,0.1384,0.1338,0.1112,4.5865,399.9201,6.1149,0.2612
202,2024-10-21,1.2478,3.0642,2.5422,0.8055,3.3168,5.2983,0.6445,0.1968,0.6666,0.0942,4.9722,5.9672,1.2376,0.0545,3.0552,0.3326,0.2578,0.2296,0.4202,2.7751,1.1522,0.0425,0.0476,0.4353,0.1371,0.1340,0.1110,4.5831,403.0756,6.1103,0.2602
203,2024-10-22,1.2516,3.0716,2.5427,0.8081,3.3233,5.3086,0.6456,0.1968,0.6668,0.0944,4.9731,5.9669,1.2412,0.0547,3.0474,0.3335,0.2565,0.2305,0.4205,2.7824,1.1519,0.0425,0.0476,0.4358,0.1372,0.1344,0.1113,4.5973,403.5667,6.1190,0.2609
204,2024-10-23,1.2554,3.0693,2.5429,0.8103,3.3355,5.3167,0.6470,0.1973,0.6668,0.0946,4.9735,5.9860,1.2394,0.0548,3.0185,0.3335,0.2562,0.2308,0.4203,2.7779,1.1474,0.0425,0.0476,0.4354,0.1368,0.1348,0.1117,4.6113,407.9061,6.1265,0.2617
